ID,DW,Year,ID_num,Area,Tissue,Gender,dta_km,dtfl_km,Longitude,Latitude,Month_of_Capture,Mantle_length_mm,Wet_Weight_g,Maturity_level,Metal_A,Metal_B,Metal_C,Metal_D,Metal_E,Metal_F,Metal_G,Metal_H,Metal_I,Metal_J
26_01_muscle,100.8,2019,01,26,muscle,0,590,148,059°36'W,49°55'S,6,289.1,525.56,4,14.9,0.04 BLOD,1.25,75.36,58.41,0.12 BLOQ,9.52,0.13 BLOQ,0.01 BLOQ,0.42
26_02_muscle,100.4,2019,02,26,muscle,0,590,148,059°36'W,49°55'S,6,276.4,553.24,3,2.34,0.04 BLOD,1.29,24.94,62.39,0.14 BLOQ,1.93,0.11 BLOQ,0 BLOD,0.56
26_03_muscle,106.8,2019,03,26,muscle,0,590,148,059°36'W,49°55'S,6,249.0,323.08,3,19.4,0.04 BLOD,0.81,31.18,41.98,0.13 BLOQ,6.86,0.17 BLOQ,0 BLOD,0.24
26_04_muscle,105.2,2019,04,26,muscle,0,590,148,059°36'W,49°55'S,6,255.7,341.07,4,13.43,0.04 BLOD,0.89,74.62,57.37,0.08 BLOQ,7.37,0.15 BLOQ,0 BLOD,0.19
26_05_muscle,104.1,2019,05,26,muscle,0,590,148,059°36'W,49°55'S,6,269.9,392.15,4,0.33,0.04 BLOD,0.72,36.79,61.48,0.13 BLOQ,1.74,0.13 BLOQ,0 BLOD,0.21
26_06_muscle,105.8,2019,06,26,muscle,0,590,148,059°36'W,49°55'S,6,266.4,413.92,4,2.81,0.04 BLOD,0.69,81.19,35.14,0.05 BLOQ,7.17,0.15 BLOQ,0 BLOQ,0.24
26_07_muscle,106,2019,07,26,muscle,0,590,148,059°36'W,49°55'S,6,246.8,320.41,3,14.52,0.04 BLOD,0.63,78.44,63.63,0.06 BLOQ,3.2,0.18 BLOQ,0 BLOD,0.37
26_08_muscle,108.3,2019,08,26,muscle,0,590,148,059°36'W,49°55'S,6,254.0,352.35,3,5.38,0.04 BLOD,1,75.84,59.69,0.1 BLOQ,8.49,0.11 BLOQ,0 BLOD,0.37
26_09_muscle,101.1,2019,09,26,muscle,0,590,148,059°36'W,49°55'S,6,252.1,346.71,3,4.05,0.04 BLOD,1.17,52.14,62.33,0.04 BLOQ,2.08,0.14 BLOQ,0 BLOD,0.33
26_10_muscle,103.1,2019,10,26,muscle,0,590,148,059°36'W,49°55'S,6,281.0,514.47,3,4.04,0.04 BLOD,0.89,46.85,63.23,0.04 BLOQ,5.15,0.15 BLOQ,0.01 BLOQ,0.52
26_11_muscle,100,2019,11,26,muscle,0,590,148,059°36'W,49°55'S,6,284.3,537.33,4,13.68,0.04 BLOD,0.92,71.02,55.17,0.09 BLOQ,2.42,0.14 BLOQ,0.01 BLOQ,0.37
26_12_muscle,102.4,2019,12,26,muscle,0,590,148,059°36'W,49°55'S,6,268.8,435.05,3,9.13,0.04 BLOD,0.86,45.82,51.3,0.13 BLOQ,5.03,0.18 BLOQ,0.01 BLOQ,0.28
26_13_muscle,106.4,2019,13,26,muscle,0,590,148,059°36'W,49°55'S,6,273.7,434.67,4,16.79,0.04 BLOD,0.62,82.97,55.09,0.12 BLOQ,6.16,0.13 BLOQ,0 BLOD,0.23
26_14_muscle,103.3,2019,14,26,muscle,0,590,148,059°36'W,49°55'S,6,275.0,485.43,5,15.88,0.04 BLOD,0.64,28.27,42.67,0.08 BLOQ,8.69,0.17 BLOQ,0 BLOQ,0.33
26_15_muscle,101.2,2019,15,26,muscle,0,590,148,059°36'W,49°55'S,6,242.7,342.63,5,4.95,0.04 BLOD,1.34,89,47.35,0.13 BLOQ,3.8,0.18 BLOQ,0 BLOD,0.4
28_01_muscle,101.7,2019,01,28,muscle,0,536,192,060°08'W,49°27'S,5,268.7,428.87,3,19.04,0.04 BLOD,1.21,58.44,60.79,0.13 BLOQ,3.99,0.18 BLOQ,0 BLOD,0.28
28_02_muscle,102,2019,02,28,muscle,0,536,192,060°08'W,49°27'S,5,258.8,348.11,3,4.22 BLOD,0.04 BLOD,1.09,58.5,56.71,0.12 BLOQ,2.63,0.15 BLOQ,0 BLOD,0.26
28_03_muscle,106.1,2019,03,28,muscle,0,536,192,060°08'W,49°27'S,5,257.5,386.02,5,11.35,0.04 BLOD,1.27,20.7,39.1,0.09 BLOQ,2.97,0.12 BLOQ,0 BLOD,0.39
28_04_muscle,101.4,2019,04,28,muscle,0,536,192,060°08'W,49°27'S,5,238.7,295.47,3,2.37,0.04 BLOD,1.48,30.38,52.89,0.12 BLOQ,3.18,0.16 BLOQ,0 BLOQ,0.2
28_05_muscle,109,2019,05,28,muscle,0,536,192,060°08'W,49°27'S,5,254.8,341.83,3,18.43,0.04 BLOD,1.36,39.28,59.66,0.06 BLOQ,5.85,0.17 BLOQ,0 BLOD,0.2
28_06_muscle,101.8,2019,06,28,muscle,0,536,192,060°08'W,49°27'S,5,260.5,379.29,3,7.22,0.04 BLOD,0.72,30.75,63.47,0.09 BLOQ,6.98,0.16 BLOQ,0 BLOQ,0.23
28_07_muscle,102.1,2019,07,28,muscle,0,536,192,060°08'W,49°27'S,5,271.0,462.42,4,19.9,0.04 BLOD,1.16,21.82,68.29,0.05 BLOQ,9.42,0.13 BLOQ,0 BLOQ,0.24
28_08_muscle,108,2019,08,28,muscle,0,536,192,060°08'W,49°27'S,5,246.2,310.29,3,1.75,0.04 BLOD,0.75,75.34,51.18,0.08 BLOQ,8.78,0.17 BLOQ,0 BLOD,0.38
28_09_muscle,103.3,2019,09,28,muscle,0,536,192,060°08'W,49°27'S,5,261.4,256.25,3,2.52,0.04 BLOD,0.64,68.95,47.19,0.13 BLOQ,9.27,0.16 BLOQ,0 BLOD,0.24
28_10_muscle,103.2,2019,10,28,muscle,0,536,192,060°08'W,49°27'S,5,243.5,316.46,3,14.23,0.04 BLOD,0.78,64.47,64.98,0.11 BLOQ,4.49,0.13 BLOQ,0 BLOD,0.17
28_11_muscle,103.5,2019,11,28,muscle,0,536,192,060°08'W,49°27'S,5,249.8,360.31,4,6.6,0.04 BLOD,0.78,53.06,51.81,0.09 BLOQ,2.53,0.18 BLOQ,0 BLOD,0.23
28_12_muscle,106.4,2019,12,28,muscle,0,536,192,060°08'W,49°27'S,5,231.4,341.05,4,7.26,0.04 BLOD,0.6,39.23,36.97,0.04 BLOQ,5.53,0.17 BLOQ,0 BLOD,0.4
28_13_muscle,108.6,2019,13,28,muscle,0,536,192,060°08'W,49°27'S,5,267.7,366.53,3,4.57,0.04 BLOD,0.74,19.58,46.8,0.12 BLOQ,1.92,0.15 BLOQ,0 BLOQ,0.43
28_14_muscle,105.4,2019,14,28,muscle,0,536,192,060°08'W,49°27'S,5,265.6,423.27,3,4.08 BLOD,0.04 BLOD,0.87,56.48,53.43,0.05 BLOQ,9.35,0.1 BLOQ,0.01 BLOQ,0.39
28_15_muscle,105.4,2019,15,28,muscle,0,536,192,060°08'W,49°27'S,5,287.4,482.50,4,9.86,0.04 BLOD,1.38,38.11,42.31,0.09 BLOQ,8.77,0.14 BLOQ,0.01 BLOQ,0.31
26_01_liver,108,2019,01,26,liver,0,590,148,059°36'W,49°55'S,6,289.1,525.56,4,87.93,0.35,3.37,135.3,94.39,1.36,184.38,5.33 BLOQ,0.12,0.33
26_02_liver,108.7,2019,02,26,liver,0,590,148,059°36'W,49°55'S,6,276.4,553.24,3,100.03,0.38,2.86,162.65,126.45,1.82,262.95,1.37 BLOQ,0.04,0.49
26_03_liver,107.9,2019,03,26,liver,0,590,148,059°36'W,49°55'S,6,249.0,323.08,3,83.17,0.53,3.33,213.96,83.36,1.57,272.03,2 BLOQ,0.01,0.43
26_04_liver,105.3,2019,04,26,liver,0,590,148,059°36'W,49°55'S,6,255.7,341.07,4,74.17,0.96,3.01,313.64,123.11,1.15,201.15,4.92 BLOQ,0.11,0.32
26_05_liver,108.6,2019,05,26,liver,0,590,148,059°36'W,49°55'S,6,269.9,392.15,4,121.12,0.54,2.5,298.61,149.11,1.67,253.42,0.45 BLOQ,0.13,0.29
26_06_liver,109.9,2019,06,26,liver,0,590,148,059°36'W,49°55'S,6,266.4,413.92,4,73.66,0.4,2.08,224.45,164.71,1.14,264.49,0.68 BLOQ,0.05 BLOQ,0.34
26_07_liver,103,2019,07,26,liver,0,590,148,059°36'W,49°55'S,6,246.8,320.41,3,135.45,0.79,2.68,206.96,162.77,1.71,256.29,4.95 BLOQ,0.04 BLOQ,0.42
26_08_liver,106.1,2019,08,26,liver,0,590,148,059°36'W,49°55'S,6,254.0,352.35,3,134.72,0.45,2.23,205.38,171.93,1.41,216.56,2.92 BLOQ,0.11,0.36
26_09_liver,104.7,2019,09,26,liver,0,590,148,059°36'W,49°55'S,6,252.1,346.71,3,122.12,0.56,2.89,263.86,127.85,1.05,252.13,2.45 BLOQ,0.12,0.4
26_10_liver,107.4,2019,10,26,liver,0,590,148,059°36'W,49°55'S,6,281.0,514.47,3,102.84,0.6,3.76,305.07,139.04,1.02,247.58,2.57 BLOQ,0.05,0.46
26_11_liver,101.8,2019,11,26,liver,0,590,148,059°36'W,49°55'S,6,284.3,537.33,4,80.07,0.61,3.52,350.9,154.81,1.75,258.92,5.17 BLOQ,0.04,0.45
26_12_liver,105.1,2019,12,26,liver,0,590,148,059°36'W,49°55'S,6,268.8,435.05,3,150.11,0.47,2.68,223.14,102.18,1.48,282.47,1.79 BLOQ,0.02,0.37
26_13_liver,105.6,2019,13,26,liver,0,590,148,059°36'W,49°55'S,6,273.7,434.67,4,86.63,0.36,3.3,230.72,188.71,1.33,250.07,1.4 BLOQ,0.04 BLOQ,0.46
26_14_liver,101,2019,14,26,liver,0,590,148,059°36'W,49°55'S,6,275.0,485.43,5,105.25,0.47,2.3,323,112.55,1.98,302.73,0.99 BLOQ,0.03 BLOQ,0.44
26_15_liver,107.3,2019,15,26,liver,0,590,148,059°36'W,49°55'S,6,242.7,342.63,5,79.6,0.72,3.03,325.21,131.23,1.83,213.4,3.23 BLOQ,0.05,0.35
28_01_liver,108.4,2019,01,28,liver,0,536,192,060°08'W,49°27'S,5,268.7,428.87,3,125.97,0.65,2.36,247.53,124.69,1.07,190.8,3.8 BLOQ,0.08,0.3
28_02_liver,105.2,2019,02,28,liver,0,536,192,060°08'W,49°27'S,5,258.8,348.11,3,110.93,0.77,3.24,324.09,137.08,1.36,224.23,2.72 BLOQ,0.05,0.54
28_03_liver,103.8,2019,03,28,liver,0,536,192,060°08'W,49°27'S,5,257.5,386.02,5,119.11,0.59,3.94,131.74,83.15,1.94,237.87,4.61 BLOQ,0.05,0.45
28_04_liver,106.7,2019,04,28,liver,0,536,192,060°08'W,49°27'S,5,238.7,295.47,3,124.66,0.52,2.5,327.55,173.37,1.73,214.15,5.14 BLOQ,0.03,0.38
28_05_liver,106.6,2019,05,28,liver,0,536,192,060°08'W,49°27'S,5,254.8,341.83,3,128.26,0.46,2.72,189.1,166.16,1.12,288.17,4.22 BLOQ,0.03 BLOQ,0.39
28_06_liver,109.3,2019,06,28,liver,0,536,192,060°08'W,49°27'S,5,260.5,379.29,3,114.22,0.73,2.11,147.92,152.7,0.97,224.6,4.89 BLOQ,0.02,0.44
28_07_liver,104.4,2019,07,28,liver,0,536,192,060°08'W,49°27'S,5,271.0,462.42,4,128.17,0.76,3.14,141.13,143.82,1.42,221.16,2.1 BLOQ,0.11,0.5
28_08_liver,106.1,2019,08,28,liver,0,536,192,060°08'W,49°27'S,5,246.2,310.29,3,115.32,0.57,3.57,181.38,142.94,1.27,191.4,2.21 BLOQ,0.03,0.41
28_09_liver,107.3,2019,09,28,liver,0,536,192,060°08'W,49°27'S,5,261.4,256.25,3,94.97,0.44,3.49,246.11,174.17,1.27,203.37,1.81 BLOQ,0.01,0.47
28_10_liver,109.9,2019,10,28,liver,0,536,192,060°08'W,49°27'S,5,243.5,316.46,3,83.99,0.34,2.56,313.3,82.22,1.62,241.39,5.69 BLOQ,0.1,0.35
28_11_liver,107.6,2019,11,28,liver,0,536,192,060°08'W,49°27'S,5,249.8,360.31,4,97.57,0.77,3.19,311.9,179.34,1.58,218.49,2.96 BLOQ,0.13,0.3
28_12_liver,108.4,2019,12,28,liver,0,536,192,060°08'W,49°27'S,5,231.4,341.05,4,86.43,0.9,3.56,209.19,92.02,1.63,212.08,4.52 BLOQ,0.03,0.33
28_13_liver,107.2,2019,13,28,liver,0,536,192,060°08'W,49°27'S,5,267.7,366.53,3,119.02,0.49,3.3,256.47,115.83,1.25,199.93,0.75 BLOQ,0.09,0.32
28_14_liver,106,2019,14,28,liver,0,536,192,060°08'W,49°27'S,5,265.6,423.27,3,124,0.52,2.18,169.65,95.03,1.61,277.67,5.61 BLOQ,0.01,0.49
28_15_liver,102.6,2019,15,28,liver,0,536,192,060°08'W,49°27'S,5,287.4,482.50,4,86.89,0.63,2.41,206.02,111.8,1.88,197.11,3.1 BLOQ,0,0.32
26_01_stomach,100,2019,01,26,stomach,0,590,148,059°36'W,49°55'S,6,289.1,525.56,4,11461.24,9.94,601.74,53.17,119.38,0.11 BLOQ,6.46,0.64 BLOQ,0.05 BLOQ,0.06 BLOD
26_02_stomach,102.4,2019,02,26,stomach,0,590,148,059°36'W,49°55'S,6,276.4,553.24,3,2563.51,7.55,2045.81,127.5,94.79,0.22 BLOQ,6.5,1.16 BLOQ,0.03 BLOQ,0.06 BLOD
26_03_stomach,108.9,2019,03,26,stomach,0,590,148,059°36'W,49°55'S,6,249.0,323.08,3,10651.56,5.23,1769.79,122.86,135.38,0.32 BLOQ,8.06,0.56 BLOQ,0.06 BLOQ,0.06 BLOD
26_04_stomach,103.2,2019,04,26,stomach,0,590,148,059°36'W,49°55'S,6,255.7,341.07,4,259.46,3.68,2248.97,30.69,103.85,0.2 BLOQ,14.15,2.01 BLOQ,0.05 BLOQ,0.06 BLOD
26_05_stomach,108.5,2019,05,26,stomach,0,590,148,059°36'W,49°55'S,6,269.9,392.15,4,6291.98,8.12,330.61,40.01,114,0.23 BLOQ,12.31,0.87 BLOQ,0.06 BLOQ,0.06 BLOD
26_06_stomach,103.6,2019,06,26,stomach,0,590,148,059°36'W,49°55'S,6,266.4,413.92,4,4054.81,1.26,1036.6,146.91,115.03,0.33 BLOQ,4.85,2.03 BLOQ,0.06 BLOQ,0.06 BLOD
26_07_stomach,100.8,2019,07,26,stomach,0,590,148,059°36'W,49°55'S,6,246.8,320.41,3,4823.76,5.53,1574.15,52.08,157.07,0.31 BLOQ,9.15,2.01 BLOQ,0.06 BLOQ,0.06 BLOD
26_08_stomach,104.7,2019,08,26,stomach,0,590,148,059°36'W,49°55'S,6,254.0,352.35,3,6971.94,6.6,1349.31,113.04,113.57,0.31 BLOQ,10.04,1.72 BLOQ,0.03 BLOQ,0.06 BLOD
26_09_stomach,107.7,2019,09,26,stomach,0,590,148,059°36'W,49°55'S,6,252.1,346.71,3,4669.83,6.07,382.76,152.01,129.98,0.26 BLOQ,7.73,0.92 BLOQ,0.06 BLOQ,0.06 BLOD
26_10_stomach,109.2,2019,10,26,stomach,0,590,148,059°36'W,49°55'S,6,281.0,514.47,3,7564.33,6.09,887.95,58.75,86.42,0.28 BLOQ,13.97,1.55 BLOQ,0.05 BLOQ,0.05 BLOD
26_11_stomach,108.9,2019,11,26,stomach,0,590,148,059°36'W,49°55'S,6,284.3,537.33,4,1067.97,0.2,677.11,93.8,81.38,0.17 BLOQ,11.01,1.55 BLOQ,0.05 BLOQ,0.06 BLOD
26_12_stomach,106.3,2019,12,26,stomach,0,590,148,059°36'W,49°55'S,6,268.8,435.05,3,4898.2,5.63,737.7,70.1,100.85,0.1 BLOQ,2.1,1.03 BLOQ,0.02 BLOQ,0.06 BLOD
26_13_stomach,104.7,2019,13,26,stomach,0,590,148,059°36'W,49°55'S,6,273.7,434.67,4,12784.39,0.36,1501.18,129.14,118.96,0.19 BLOQ,16.83,1.5 BLOQ,0.05 BLOQ,0.06 BLOD
26_14_stomach,105.7,2019,14,26,stomach,0,590,148,059°36'W,49°55'S,6,275.0,485.43,5,11591.07,2.75,1682.97,104.19,95.24,0.22 BLOQ,11.87,1.66 BLOQ,0.06 BLOQ,0.06 BLOD
26_15_stomach,102.9,2019,15,26,stomach,0,590,148,059°36'W,49°55'S,6,242.7,342.63,5,5334.46,2.84,702.2,76.62,161.6,0.15 BLOQ,16.9,0.8 BLOQ,0.06 BLOQ,0.06 BLOD
28_01_stomach,101.4,2019,01,28,stomach,0,536,192,060°08'W,49°27'S,5,268.7,428.87,3,11224.03,5.92,680.94,116.07,136.87,0.32 BLOQ,15.4,2.05 BLOQ,0.01 BLOQ,0.06 BLOD
28_02_stomach,107.6,2019,02,28,stomach,0,536,192,060°08'W,49°27'S,5,258.8,348.11,3,10819.08,3.29,792.78,138.05,97.11,0.19 BLOQ,12.9,2.09 BLOQ,0.05 BLOQ,0.06 BLOD
28_03_stomach,108,2019,03,28,stomach,0,536,192,060°08'W,49°27'S,5,257.5,386.02,5,3928.39,9.48,1274.26,97.49,134.3,0.09 BLOQ,8.81,0.24 BLOQ,0.03 BLOQ,0.06 BLOD
28_04_stomach,103.5,2019,04,28,stomach,0,536,192,060°08'W,49°27'S,5,238.7,295.47,3,575,5.16,955.3,152.71,149.53,0.11 BLOQ,2.89,2.28 BLOQ,0.02 BLOQ,0.06 BLOD
28_05_stomach,105.9,2019,05,28,stomach,0,536,192,060°08'W,49°27'S,5,254.8,341.83,3,6424.76,8.73,2066.23,77.28,146.18,0.35 BLOQ,12.03,1.16 BLOQ,0.04 BLOQ,0.06 BLOD
28_06_stomach,101,2019,06,28,stomach,0,536,192,060°08'W,49°27'S,5,260.5,379.29,3,9470.32,0.38,1575.61,136.1,91.53,0.13 BLOQ,1.84,2.28 BLOQ,0.01 BLOQ,0.06 BLOD
28_07_stomach,100,2019,07,28,stomach,0,536,192,060°08'W,49°27'S,5,271.0,462.42,4,1961.23,4.96,1173.14,158.34,120.68,0.21 BLOQ,12.55,2.23 BLOQ,0.01 BLOQ,0.06 BLOD
28_08_stomach,104,2019,08,28,stomach,0,536,192,060°08'W,49°27'S,5,246.2,310.29,3,3878.2,7.62,660.03,107.5,104.97,0.11 BLOQ,3.68,0.91 BLOQ,0.03 BLOQ,0.06 BLOD
28_09_stomach,103.1,2019,09,28,stomach,0,536,192,060°08'W,49°27'S,5,261.4,256.25,3,4716.11,6.63,1168.41,71.67,133.23,0.14 BLOQ,1.59,1 BLOQ,0.03 BLOQ,0.06 BLOD
28_10_stomach,104,2019,10,28,stomach,0,536,192,060°08'W,49°27'S,5,243.5,316.46,3,1992.34,9.48,353.51,72.09,128.08,0.2 BLOQ,15.68,1.31 BLOQ,0.05 BLOQ,0.06 BLOD
28_11_stomach,106.1,2019,11,28,stomach,0,536,192,060°08'W,49°27'S,5,249.8,360.31,4,12336.14,7.83,1274.04,106.5,88.93,0.22 BLOQ,2.11,1.61 BLOQ,0.02 BLOQ,0.06 BLOD
28_12_stomach,101.7,2019,12,28,stomach,0,536,192,060°08'W,49°27'S,5,231.4,341.05,4,11396.88,6.22,109.34,104.42,109.35,0.4 BLOQ,17.62,1.54 BLOQ,0.03 BLOQ,0.06 BLOD
28_13_stomach,103,2019,13,28,stomach,0,536,192,060°08'W,49°27'S,5,267.7,366.53,3,4594.53,7.29,970.83,128.55,122.64,0.13 BLOQ,9.49,0.77 BLOQ,0.04 BLOQ,0.06 BLOD
28_14_stomach,108.6,2019,14,28,stomach,0,536,192,060°08'W,49°27'S,5,265.6,423.27,3,8968.4,6.51,1838.25,68.92,109.19,0.12 BLOQ,14.44,1.66 BLOQ,0.02 BLOQ,0.06 BLOD
28_15_stomach,100.6,2019,15,28,stomach,0,536,192,060°08'W,49°27'S,5,287.4,482.50,4,9426.37,5.41,43.95,79.29,103.42,0.17 BLOQ,3.01,0.99 BLOQ,0.03 BLOQ,0.06 BLOD
60_01_muscle,103.8,2020,01,60,muscle,0,590,130,59°31'W,50°05'S,4,227.3,233.03,3,0.83 BLOD,0.4 BLOD,7.32 BLOD,73.12,4.05 BLOD,0.88 BLOD,3.44 BLOD,4.47 BLOD,0.28 BLOD,0.06 BLOD
60_02_muscle,101.7,2020,02,60,muscle,0,590,130,59°31'W,50°05'S,4,239.3,336.23,3,0.85 BLOD,0.41 BLOD,7.47 BLOD,26.7 BLOD,4.13 BLOD,0.89 BLOD,3.52 BLOD,4.56 BLOD,0.29 BLOD,0.06 BLOD
60_03_muscle,112.2,2020,03,60,muscle,1,590,130,59°31'W,50°05'S,4,240.6,344.68,5,0.77 BLOD,0.37 BLOD,6.77 BLOD,313.27,3.75 BLOD,0.81 BLOD,3.19 BLOD,4.13 BLOD,0.26 BLOD,0.06 BLOD
60_04_muscle,104.1,2020,04,60,muscle,0,590,130,59°31'W,50°05'S,4,240.6,310.74,3,0.83 BLOD,0.4 BLOD,7.3 BLOD,317.61,4.04 BLOD,0.87 BLOD,3.43 BLOD,4.45 BLOD,0.28 BLOD,0.06 BLOD
60_05_muscle,102.2,2020,05,60,muscle,1,590,130,59°31'W,50°05'S,4,235.9,301.78,5,0.84 BLOD,0.41 BLOD,7.44 BLOD,21.25,4.11 BLOD,0.89 BLOD,3.5 BLOD,4.54 BLOD,0.29 BLOD,0.06 BLOD
60_06_muscle,103.5,2020,06,60,muscle,0,590,130,59°31'W,50°05'S,4,241.8,292.32,2,0.83 BLOD,0.41 BLOD,7.34 BLOD,26.24 BLOD,4.06 BLOD,0.88 BLOD,3.45 BLOD,4.48 BLOD,0.29 BLOD,0.06 BLOD
60_07_muscle,110.5,2020,07,60,muscle,1,590,130,59°31'W,50°05'S,4,237.3,346.48,5,0.78 BLOD,0.38 BLOD,6.88 BLOD,93.56,3.81 BLOD,0.82 BLOD,3.24 BLOD,4.19 BLOD,0.27 BLOD,0.06 BLOD
60_08_muscle,104.6,2020,08,60,muscle,1,590,130,59°31'W,50°05'S,4,223.4,259.50,5,0.82 BLOD,0.4 BLOD,7.27 BLOD,200.71,4.02 BLOD,0.87 BLOD,3.42 BLOD,4.43 BLOD,0.28 BLOD,0.06 BLOD
60_09_muscle,104.5,2020,09,60,muscle,0,590,130,59°31'W,50°05'S,4,219.0,226.89,2,0.82 BLOD,0.4 BLOD,7.27 BLOD,232.4,4.02 BLOD,0.87 BLOD,3.42 BLOD,4.44 BLOD,0.28 BLOD,0.06 BLOD
60_10_muscle,108,2020,10,60,muscle,1,590,130,59°31'W,50°05'S,4,215.3,268.83,5,0.8 BLOD,0.39 BLOD,7.04 BLOD,188.13,3.89 BLOD,0.84 BLOD,3.31 BLOD,4.29 BLOD,0.27 BLOD,0.06 BLOD
60_11_muscle,108.2,2020,11,60,muscle,0,590,130,59°31'W,50°05'S,4,235.1,277.38,2,0.79 BLOD,0.39 BLOD,7.02 BLOD,25.1 BLOD,3.89 BLOD,0.84 BLOD,3.3 BLOD,4.28 BLOD,0.27 BLOD,0.06 BLOD
60_12_muscle,105.1,2020,12,60,muscle,1,590,130,59°31'W,50°05'S,4,226.7,271.44,5,0.82 BLOD,0.4 BLOD,7.23 BLOD,196.43,4 BLOD,0.87 BLOD,3.4 BLOD,4.41 BLOD,0.28 BLOD,0.06 BLOD
60_13_muscle,103.3,2020,13,60,muscle,1,590,130,59°31'W,50°05'S,4,236.5,293.22,5,0.83 BLOD,0.41 BLOD,7.36 BLOD,27.78,4.07 BLOD,0.88 BLOD,3.46 BLOD,4.49 BLOD,0.29 BLOD,0.06 BLOD
60_14_muscle,110.4,2020,14,60,muscle,1,590,130,59°31'W,50°05'S,4,235.3,308.75,5,0.78 BLOD,0.38 BLOD,6.88 BLOD,356.51,3.81 BLOD,0.82 BLOD,3.24 BLOD,4.2 BLOD,0.27 BLOD,0.06 BLOD
60_15_muscle,107.9,2020,15,60,muscle,0,590,130,59°31'W,50°05'S,4,245.7,346.14,3,0.8 BLOD,0.39 BLOD,7.04 BLOD,123.25,3.9 BLOD,0.84 BLOD,3.31 BLOD,4.3 BLOD,0.27 BLOD,0.06 BLOD
65_01_muscle,109.9,2020,01,65,muscle,1,561,166,59°52'W,49°42'S,3,229.1,286.80,5,0.78 BLOD,0.38 BLOD,6.92 BLOD,24.71 BLOD,3.83 BLOD,0.83 BLOD,3.25 BLOD,4.22 BLOD,0.27 BLOD,0.06 BLOD
65_02_muscle,100.6,2020,02,65,muscle,0,561,166,59°52'W,49°42'S,3,235.0,259.86,3,0.85 BLOD,0.42 BLOD,7.55 BLOD,389.24,4.18 BLOD,0.9 BLOD,3.55 BLOD,4.61 BLOD,0.29 BLOD,0.06 BLOD
65_03_muscle,100.5,2020,03,65,muscle,0,561,166,59°52'W,49°42'S,3,248.1,327.45,4,0.86 BLOD,0.42 BLOD,7.56 BLOD,19.81,4.18 BLOD,0.91 BLOD,3.56 BLOD,4.61 BLOD,0.29 BLOD,0.06 BLOD
65_04_muscle,109.1,2020,04,65,muscle,0,561,166,59°52'W,49°42'S,3,248.6,341.04,3,0.79 BLOD,0.38 BLOD,6.97 BLOD,222.91,3.85 BLOD,0.83 BLOD,3.28 BLOD,4.25 BLOD,0.27 BLOD,0.06 BLOD
65_05_muscle,113.4,2020,05,65,muscle,1,561,166,59°52'W,49°42'S,3,253.6,381.95,5,0.76 BLOD,0.37 BLOD,6.7 BLOD,23.95 BLOD,3.71 BLOD,0.8 BLOD,3.15 BLOD,4.09 BLOD,0.26 BLOD,0.06 BLOD
65_06_muscle,110.7,2020,06,65,muscle,1,561,166,59°52'W,49°42'S,3,222.4,263.52,5,0.78 BLOD,0.38 BLOD,6.87 BLOD,18.77,3.8 BLOD,0.82 BLOD,3.23 BLOD,4.19 BLOD,0.27 BLOD,0.06 BLOD
65_07_muscle,105.8,2020,07,65,muscle,1,561,166,59°52'W,49°42'S,3,221.9,253.33,5,0.81 BLOD,0.4 BLOD,7.18 BLOD,78.33,3.97 BLOD,0.86 BLOD,3.38 BLOD,4.38 BLOD,0.28 BLOD,0.06 BLOD
65_08_muscle,118.9,2020,08,65,muscle,0,561,166,59°52'W,49°42'S,3,223.1,255.04,3,0.72 BLOD,0.35 BLOD,6.39 BLOD,185.97,3.54 BLOD,0.77 BLOD,3.01 BLOD,3.9 BLOD,0.25 BLOD,0.05 BLOD
65_09_muscle,113.7,2020,09,65,muscle,0,561,166,59°52'W,49°42'S,3,234.1,285.25,3,0.76 BLOD,0.37 BLOD,6.68 BLOD,246.9,3.7 BLOD,0.8 BLOD,3.14 BLOD,4.08 BLOD,0.26 BLOD,0.06 BLOD
65_10_muscle,102.5,2020,10,65,muscle,1,561,166,59°52'W,49°42'S,3,236.5,345.59,5,0.84 BLOD,0.41 BLOD,7.41 BLOD,26.49 BLOD,4.1 BLOD,0.89 BLOD,3.49 BLOD,4.52 BLOD,0.29 BLOD,0.06 BLOD
65_11_muscle,103.3,2020,11,65,muscle,0,561,166,59°52'W,49°42'S,3,236.1,257.62,3,0.83 BLOD,0.41 BLOD,7.36 BLOD,95.39,4.07 BLOD,0.88 BLOD,3.46 BLOD,4.49 BLOD,0.29 BLOD,0.06 BLOD
65_12_muscle,112.8,2020,12,65,muscle,0,561,166,59°52'W,49°42'S,3,235.0,272.61,3,0.76 BLOD,0.37 BLOD,6.74 BLOD,251.73,3.73 BLOD,0.81 BLOD,3.17 BLOD,4.11 BLOD,0.26 BLOD,0.06 BLOD
65_13_muscle,108,2020,13,65,muscle,0,561,166,59°52'W,49°42'S,3,241.4,320.13,4,0.8 BLOD,0.39 BLOD,7.04 BLOD,103.33,3.89 BLOD,0.84 BLOD,3.31 BLOD,4.29 BLOD,0.27 BLOD,0.06 BLOD
65_14_muscle,102.4,2020,14,65,muscle,1,561,166,59°52'W,49°42'S,3,237.4,316.70,5,0.84 BLOD,0.41 BLOD,7.42 BLOD,268.35,4.11 BLOD,0.89 BLOD,3.49 BLOD,4.53 BLOD,0.29 BLOD,0.06 BLOD
65_15_muscle,98.9,2020,15,65,muscle,1,561,166,59°52'W,49°42'S,3,231.8,302.90,5,0.87 BLOD,0.42 BLOD,7.68 BLOD,356.76,4.25 BLOD,0.92 BLOD,3.61 BLOD,4.69 BLOD,0.3 BLOD,0.07 BLOD
60_01_liver,109.8,2020,01,60,liver,0,590,130,59°31'W,50°05'S,4,227.3,233.03,3,4.89,0.38 BLOD,6.92 BLOD,1845.36,27.45,0.83 BLOD,45.64,4.22 BLOD,7.7 BLOQ,0.06 BLOD
60_02_liver,100,2020,02,60,liver,0,590,130,59°31'W,50°05'S,4,239.3,336.23,3,5.14,0.42 BLOD,7.6 BLOD,1077.91,8.47,0.91 BLOD,33.56,4.64 BLOD,3.61 BLOQ,0.06 BLOD
60_03_liver,108.2,2020,03,60,liver,1,590,130,59°31'W,50°05'S,4,240.6,344.68,5,0.72,0.39 BLOD,7.02 BLOD,737.68,23.99,0.84 BLOD,32.85,4.28 BLOD,3.91 BLOQ,0.06 BLOD
60_04_liver,100.4,2020,04,60,liver,0,590,130,59°31'W,50°05'S,4,240.6,310.74,3,0.78,0.42 BLOD,7.57 BLOD,811.82,4.19 BLOD,0.91 BLOD,46.12,4.62 BLOD,0.29 BLOD,0.06 BLOD
60_05_liver,115.4,2020,05,60,liver,1,590,130,59°31'W,50°05'S,4,235.9,301.78,5,1.2,0.36 BLOD,6.59 BLOD,733.37,23.38,0.79 BLOD,45.71,4.02 BLOD,4.07 BLOQ,0.06 BLOD
60_06_liver,102.2,2020,06,60,liver,0,590,130,59°31'W,50°05'S,4,241.8,292.32,2,6.13,0.41 BLOD,7.44 BLOD,1598.48,6.27,0.89 BLOD,34.68,4.54 BLOD,1.2 BLOQ,0.06 BLOD
60_07_liver,104.9,2020,07,60,liver,1,590,130,59°31'W,50°05'S,4,237.3,346.48,5,2.72,0.4 BLOD,7.24 BLOD,802.64,5.51,0.87 BLOD,28.49,4.42 BLOD,2.34 BLOQ,0.06 BLOD
60_08_liver,102.5,2020,08,60,liver,1,590,130,59°31'W,50°05'S,4,223.4,259.50,5,0.04,0.41 BLOD,7.41 BLOD,601.71,8.35,0.89 BLOD,42.22,4.52 BLOD,1.4 BLOQ,0.06 BLOD
60_09_liver,101.6,2020,09,60,liver,0,590,130,59°31'W,50°05'S,4,219.0,226.89,2,0.43,0.41 BLOD,7.48 BLOD,2014.14,23.76,0.9 BLOD,37.68,4.56 BLOD,4.27 BLOQ,0.06 BLOD
60_10_liver,103.2,2020,10,60,liver,1,590,130,59°31'W,50°05'S,4,215.3,268.83,5,3.67,0.41 BLOD,7.36 BLOD,1121.06,16.34,0.88 BLOD,42.79,4.49 BLOD,6.56 BLOQ,0.06 BLOD
60_11_liver,106.9,2020,11,60,liver,0,590,130,59°31'W,50°05'S,4,235.1,277.38,2,0.8 BLOD,0.39 BLOD,7.11 BLOD,1263.95,29.38,0.85 BLOD,32.17,4.34 BLOD,3.98 BLOQ,0.06 BLOD
60_12_liver,104.3,2020,12,60,liver,1,590,130,59°31'W,50°05'S,4,226.7,271.44,5,1.32,0.4 BLOD,7.29 BLOD,1895.97,9.19,0.87 BLOD,40.89,4.44 BLOD,8.38 BLOQ,0.06 BLOD
60_13_liver,104.5,2020,13,60,liver,1,590,130,59°31'W,50°05'S,4,236.5,293.22,5,4.2,0.4 BLOD,7.27 BLOD,1940.61,4.02 BLOD,0.87 BLOD,23.93,4.44 BLOD,5.3 BLOQ,0.06 BLOD
60_14_liver,102.3,2020,14,60,liver,1,590,130,59°31'W,50°05'S,4,235.3,308.75,5,2.43,0.41 BLOD,7.43 BLOD,2215.37,4.11 BLOD,0.89 BLOD,21.84,4.53 BLOD,3.67 BLOQ,0.06 BLOD
60_15_liver,102.3,2020,15,60,liver,0,590,130,59°31'W,50°05'S,4,245.7,346.14,3,0.67,0.41 BLOD,7.43 BLOD,1196.28,4.11 BLOD,0.89 BLOD,45.9,4.53 BLOD,5.84 BLOQ,0.06 BLOD
65_01_liver,105.6,2020,01,65,liver,1,561,166,59°52'W,49°42'S,3,229.1,286.80,5,4.61,0.4 BLOD,7.2 BLOD,769.76,3.27,0.86 BLOD,51.06,4.39 BLOD,0.28 BLOD,0.06 BLOD
65_02_liver,104.6,2020,02,65,liver,0,561,166,59°52'W,49°42'S,3,235.0,259.86,3,3.28,0.4 BLOD,7.27 BLOD,712.7,1.13,0.87 BLOD,25.7,4.43 BLOD,2.52 BLOQ,0.06 BLOD
65_03_liver,108.2,2020,03,65,liver,0,561,166,59°52'W,49°42'S,3,248.1,327.45,4,1.55,0.39 BLOD,7.02 BLOD,2010.51,5.74,0.84 BLOD,46.08,4.28 BLOD,4.65 BLOQ,0.06 BLOD
65_04_liver,108.8,2020,04,65,liver,0,561,166,59°52'W,49°42'S,3,248.6,341.04,3,1.22,0.39 BLOD,6.99 BLOD,1190.22,3.86 BLOD,0.84 BLOD,38.41,4.26 BLOD,1.48 BLOQ,0.06 BLOD
65_05_liver,113.2,2020,05,65,liver,1,561,166,59°52'W,49°42'S,3,253.6,381.95,5,3.48,0.37 BLOD,6.71 BLOD,1527.32,19.31,0.8 BLOD,22.67,4.09 BLOD,4.37 BLOQ,0.06 BLOD
65_06_liver,108.8,2020,06,65,liver,1,561,166,59°52'W,49°42'S,3,222.4,263.52,5,2.15,0.39 BLOD,6.99 BLOD,836.31,18.12,0.84 BLOD,18.24,4.26 BLOD,4.94 BLOQ,0.06 BLOD
65_07_liver,114.3,2020,07,65,liver,1,561,166,59°52'W,49°42'S,3,221.9,253.33,5,1.78,0.37 BLOD,6.65 BLOD,1070.32,2.92,0.8 BLOD,41.66,4.06 BLOD,2.2 BLOQ,0.06 BLOD
65_08_liver,111.2,2020,08,65,liver,0,561,166,59°52'W,49°42'S,3,223.1,255.04,3,2.03,0.38 BLOD,6.83 BLOD,1626.92,21.01,0.82 BLOD,25,4.17 BLOD,8.53 BLOQ,0.06 BLOD
65_09_liver,104.7,2020,09,65,liver,0,561,166,59°52'W,49°42'S,3,234.1,285.25,3,4.6,0.4 BLOD,7.26 BLOD,1720.77,1.68,0.87 BLOD,19.41,4.43 BLOD,9.53 BLOQ,0.06 BLOD
65_10_liver,121.5,2020,10,65,liver,1,561,166,59°52'W,49°42'S,3,236.5,345.59,5,2.19,0.35 BLOD,6.26 BLOD,940.2,20.61,0.75 BLOD,37.44,3.81 BLOD,4.65 BLOQ,0.05 BLOD
65_11_liver,105.4,2020,11,65,liver,0,561,166,59°52'W,49°42'S,3,236.1,257.62,3,0.31,0.4 BLOD,7.21 BLOD,848.15,19.27,0.86 BLOD,28.95,4.4 BLOD,7.9 BLOQ,0.06 BLOD
65_12_liver,118.8,2020,12,65,liver,0,561,166,59°52'W,49°42'S,3,235.0,272.61,3,2.64,0.35 BLOD,6.4 BLOD,1460.63,3.54 BLOD,0.77 BLOD,42.57,3.9 BLOD,4.34 BLOQ,0.05 BLOD
65_13_liver,108.8,2020,13,65,liver,0,561,166,59°52'W,49°42'S,3,241.4,320.13,4,1.97,0.39 BLOD,6.99 BLOD,1391.04,11.19,0.84 BLOD,30.63,4.26 BLOD,0.87 BLOQ,0.06 BLOD
65_14_liver,106.4,2020,14,65,liver,1,561,166,59°52'W,49°42'S,3,237.4,316.70,5,1.87,0.39 BLOD,7.14 BLOD,746.58,8.52,0.86 BLOD,33.97,4.36 BLOD,2.89 BLOQ,0.06 BLOD
65_15_liver,101.2,2020,15,65,liver,1,561,166,59°52'W,49°42'S,3,231.8,302.90,5,0.23,0.42 BLOD,7.51 BLOD,1859.61,4.16 BLOD,0.9 BLOD,38.07,4.58 BLOD,4.8 BLOQ,0.06 BLOD
60_01_inksac,51.7,2020,01,60,inksac,0,590,130,59°31'W,50°05'S,4,227.3,233.03,3,58.43,0.12 BLOD,20.22,380.11,195.49,0.28 BLOQ,83.46,0.29 BLOQ,0.01 BLOD,0.23
60_02_inksac,107,2020,02,60,inksac,0,590,130,59°31'W,50°05'S,4,239.3,336.23,3,57.57,0.06 BLOD,9.59,165.22,70.83,0.23 BLOQ,51.49,0.26 BLOQ,0 BLOD,0.54
60_04_inksac,100.5,2020,04,60,inksac,0,590,130,59°31'W,50°05'S,4,240.6,310.74,3,59.13,0.06 BLOD,10.99,57.91,106.69,0.22 BLOQ,44.94,0.21 BLOQ,0 BLOD,0.42 BLOQ
60_05_inksac,50.2,2020,05,60,inksac,1,590,130,59°31'W,50°05'S,4,235.9,301.78,5,68.98,0.12 BLOD,17.48,204.88,139.39,0.64 BLOQ,44.77,0.45 BLOQ,0.01 BLOD,1.38
60_06_inksac,101.3,2020,06,60,inksac,0,590,130,59°31'W,50°05'S,4,241.8,292.32,2,34.08,0.06 BLOD,5.85,142.68,111.29,0.2 BLOQ,47.71,0.28 BLOQ,0 BLOD,0.58 BLOQ
60_08_inksac,50.2,2020,08,60,inksac,1,590,130,59°31'W,50°05'S,4,223.4,259.50,5,212.5,0.12 BLOD,16.44,164.14,86.73,0.43 BLOQ,60.92,0.32 BLOQ,0.01 BLOD,0.92 BLOQ
60_09_inksac,100.6,2020,09,60,inksac,0,590,130,59°31'W,50°05'S,4,219.0,226.89,2,53.7,0.06 BLOD,11.33,141.66,111.91,0.2 BLOQ,25.65,0.18 BLOQ,0 BLOD,0.04
60_11_inksac,109.9,2020,11,60,inksac,0,590,130,59°31'W,50°05'S,4,235.1,277.38,2,64.63,0.05 BLOD,6.03,104.7,56.08,0.3 BLOQ,21.41,0.24 BLOQ,0 BLOD,0.29 BLOQ
60_12_inksac,102.3,2020,12,60,inksac,1,590,130,59°31'W,50°05'S,4,226.7,271.44,5,56.82,0.06 BLOD,5.68,139.46,67.43,0.15 BLOQ,35.27,0.26 BLOQ,0 BLOD,0.49
60_13_inksac,102.5,2020,13,60,inksac,1,590,130,59°31'W,50°05'S,4,236.5,293.22,5,79.13,0.06 BLOD,2.74,131.7,102.24,0.37 BLOQ,49.72,0.13 BLOQ,0 BLOD,0.22
60_14_inksac,106.6,2020,14,60,inksac,1,590,130,59°31'W,50°05'S,4,235.3,308.75,5,39.46,0.06 BLOD,6.71,140.79,104.12,0.3 BLOQ,51.86,0.27 BLOQ,0 BLOD,0.03
65_02_inksac,109,2020,02,65,inksac,0,561,166,59°52'W,49°42'S,3,235.0,259.86,3,56.37,0.06 BLOD,5.1,191.8,98.6,0.33 BLOQ,53.94,0.26 BLOQ,0.01 BLOQ,0.02
65_03_inksac,102.5,2020,03,65,inksac,0,561,166,59°52'W,49°42'S,3,248.1,327.45,4,42.02,0.06 BLOD,5,100.02,67.36,0.21 BLOQ,41.78,0.12 BLOQ,0 BLOD,0.31
65_04_inksac,107.7,2020,04,65,inksac,0,561,166,59°52'W,49°42'S,3,248.6,341.04,3,64.66,0.06 BLOD,7.95,116.22,44.34,0.31 BLOQ,21.09,0.26 BLOQ,0 BLOD,0.05
65_06_inksac,103,2020,06,65,inksac,1,561,166,59°52'W,49°42'S,3,222.4,263.52,5,8.12,0.06 BLOD,8.74,115.41,71.5,0.19 BLOQ,50.75,0.19 BLOQ,0 BLOD,0.54
65_07_inksac,103.4,2020,07,65,inksac,1,561,166,59°52'W,49°42'S,3,221.9,253.33,5,64.59,0.06 BLOD,0.49,208.94,62.7,0.28 BLOQ,49.36,0.14 BLOQ,0.01 BLOQ,0.08
65_09_inksac,101,2020,09,65,inksac,0,561,166,59°52'W,49°42'S,3,234.1,285.25,3,102.29,0.06 BLOD,2.76,155.74,96.94,0.23 BLOQ,42.4,0.14 BLOQ,0 BLOD,0.55 BLOQ
65_10_inksac,104.7,2020,10,65,inksac,1,561,166,59°52'W,49°42'S,3,236.5,345.59,5,79.97,0.06 BLOD,2.51,58.81,79.2,0.27 BLOQ,52.16,0.15 BLOQ,0 BLOQ,0.36
65_11_inksac,105.9,2020,11,65,inksac,0,561,166,59°52'W,49°42'S,3,236.1,257.62,3,10.91,0.06 BLOD,7,204.26,101.47,0.14 BLOQ,30.87,0.26 BLOQ,0 BLOD,0.35 BLOQ
65_12_inksac,101.6,2020,12,65,inksac,0,561,166,59°52'W,49°42'S,3,235.0,272.61,3,9.02,0.06 BLOD,10.29,88.76,35.65,0.32 BLOQ,48.83,0.2 BLOQ,0.01 BLOQ,0.64 BLOQ
65_13_inksac,106.1,2020,13,65,inksac,0,561,166,59°52'W,49°42'S,3,241.4,320.13,4,95.83,0.06 BLOD,2.76,197.43,42.59,0.15 BLOQ,30.18,0.26 BLOQ,0 BLOD,0.06
65_15_inksac,101.6,2020,15,65,inksac,1,561,166,59°52'W,49°42'S,3,231.8,302.90,5,28.09,0.06 BLOD,4.38,68.27,92.23,0.28 BLOQ,42.08,0.22 BLOQ,0 BLOD,0.11
60_01_stomach,105.9,2020,01,60,stomach,0,590,130,59°31'W,50°05'S,4,227.3,233.03,3,1589.72,4.23,1862.88,148.8,83.58,0.29 BLOQ,10.49,2.97 BLOQ,0.03 BLOQ,0.04
60_02_stomach,101.6,2020,02,60,stomach,0,590,130,59°31'W,50°05'S,4,239.3,336.23,3,2448.64,0.08,473.39,107.97,129.34,0.42 BLOQ,8.65,1.52 BLOQ,0.02 BLOQ,0.48 BLOQ
60_03_stomach,104.8,2020,03,60,stomach,1,590,130,59°31'W,50°05'S,4,240.6,344.68,5,1510.36,1.76,1033.55,60.74,111.99,0.19 BLOQ,5.09,0.49 BLOQ,0.02 BLOQ,0.55 BLOQ
60_04_stomach,105.4,2020,04,60,stomach,0,590,130,59°31'W,50°05'S,4,240.6,310.74,3,6457.85,9.15,1721.82,65.05,83.75,0.27 BLOQ,16.37,3.11 BLOQ,0.04 BLOQ,0.03
60_05_stomach,107.6,2020,05,60,stomach,1,590,130,59°31'W,50°05'S,4,235.9,301.78,5,6561.83,4.19,979.91,136.33,80.58,0.3 BLOQ,9.03,0.59 BLOQ,0.05 BLOQ,0.54 BLOQ
60_06_stomach,108.9,2020,06,60,stomach,0,590,130,59°31'W,50°05'S,4,241.8,292.32,2,4745.3,3.13,344.16,112.65,92.8,0.32 BLOQ,14.94,0.78 BLOQ,0.03 BLOQ,0.35 BLOQ
60_07_stomach,113.2,2020,07,60,stomach,1,590,130,59°31'W,50°05'S,4,237.3,346.48,5,4197.81,6.38,1491.7,98.48,92.39,0.34 BLOQ,15.65,1 BLOQ,0.03 BLOQ,0.38 BLOQ
60_08_stomach,109.4,2020,08,60,stomach,1,590,130,59°31'W,50°05'S,4,223.4,259.50,5,3591.76,1.57,1512.71,153.84,91.2,0.14 BLOQ,5.03,2.9 BLOQ,0.05 BLOQ,0.58 BLOQ
60_09_stomach,100.8,2020,09,60,stomach,0,590,130,59°31'W,50°05'S,4,219.0,226.89,2,3813.94,8.18,743.87,100.82,91.67,0.3 BLOQ,3.34,2.21 BLOQ,0.05 BLOQ,0.05
60_10_stomach,109.8,2020,10,60,stomach,1,590,130,59°31'W,50°05'S,4,215.3,268.83,5,1540.66,0.35,1362.94,89.11,129.82,0.19 BLOQ,5.79,1.97 BLOQ,0.04 BLOQ,0.49 BLOQ
60_11_stomach,105.2,2020,11,60,stomach,0,590,130,59°31'W,50°05'S,4,235.1,277.38,2,7530.67,7.14,1110.55,63.19,80.46,0.3 BLOQ,11.69,1.21 BLOQ,0.03 BLOQ,0.38 BLOQ
60_12_stomach,108.3,2020,12,60,stomach,1,590,130,59°31'W,50°05'S,4,226.7,271.44,5,6443.75,6.62,1476.2,144.47,104.88,0.36 BLOQ,10.78,2.43 BLOQ,0.04 BLOQ,0.44 BLOQ
60_13_stomach,110.2,2020,13,60,stomach,1,590,130,59°31'W,50°05'S,4,236.5,293.22,5,1729.81,4.84,1532.27,73.06,132.11,0.25 BLOQ,11.28,2.33 BLOQ,0.02 BLOQ,0.53 BLOQ
60_14_stomach,109.9,2020,14,60,stomach,1,590,130,59°31'W,50°05'S,4,235.3,308.75,5,7413.39,5.26,650.16,144.81,92.69,0.39 BLOQ,10.77,2.14 BLOQ,0.05 BLOQ,0.53 BLOQ
60_15_stomach,101.1,2020,15,60,stomach,0,590,130,59°31'W,50°05'S,4,245.7,346.14,3,7148.43,4.12,1502.39,39.12,103.34,0.31 BLOQ,13.96,2.5 BLOQ,0.05 BLOQ,0.62 BLOQ
65_01_stomach,106.8,2020,01,65,stomach,1,561,166,59°52'W,49°42'S,3,229.1,286.80,5,1582.34,6.07,1886.68,68.13,121.23,0.29 BLOQ,15.56,2.98 BLOQ,0.04 BLOQ,0.47 BLOQ
65_02_stomach,102.6,2020,02,65,stomach,0,561,166,59°52'W,49°42'S,3,235.0,259.86,3,6237.51,9.8,789.54,142.98,136.96,0.23 BLOQ,5.58,3.09 BLOQ,0.05 BLOQ,0.05
65_03_stomach,102.6,2020,03,65,stomach,0,561,166,59°52'W,49°42'S,3,248.1,327.45,4,4304.52,7.14,868.19,120.64,98.58,0.23 BLOQ,9.41,3.26 BLOQ,0.03 BLOQ,0.53 BLOQ
65_04_stomach,101,2020,04,65,stomach,0,561,166,59°52'W,49°42'S,3,248.6,341.04,3,3809.88,4.3,1226.4,40.1,139.21,0.44 BLOQ,14.12,2.44 BLOQ,0.02 BLOQ,0.08
65_05_stomach,104.8,2020,05,65,stomach,1,561,166,59°52'W,49°42'S,3,253.6,381.95,5,4196.57,1.63,1746.58,163,114.75,0.15 BLOQ,15.04,2.11 BLOQ,0.04 BLOQ,0.59 BLOQ
65_06_stomach,95.1,2020,06,65,stomach,1,561,166,59°52'W,49°42'S,3,222.4,263.52,5,1538.23,3.94,506.55,42.57,119.32,0.35 BLOQ,4.54,3.74 BLOQ,0.02 BLOQ,0.01
65_07_stomach,101.5,2020,07,65,stomach,1,561,166,59°52'W,49°42'S,3,221.9,253.33,5,3759.7,9.32,236.89,117.89,128.39,0.3 BLOQ,7.31,3.3 BLOQ,0.04 BLOQ,0.39 BLOQ
65_08_stomach,115.2,2020,08,65,stomach,0,561,166,59°52'W,49°42'S,3,223.1,255.04,3,4532.01,1.68,1457.09,146.14,105.09,0.33 BLOQ,8.47,2.83 BLOQ,0.03 BLOQ,0.42 BLOQ
65_09_stomach,115.9,2020,09,65,stomach,0,561,166,59°52'W,49°42'S,3,234.1,285.25,3,2131.87,0.05 BLOD,1200.85,21.5,98.56,0.31 BLOQ,13.35,0.95 BLOQ,0.04 BLOQ,0.53 BLOQ
65_10_stomach,100.8,2020,10,65,stomach,1,561,166,59°52'W,49°42'S,3,236.5,345.59,5,3418.73,9.79,1474.11,119.23,84.39,0.33 BLOQ,9.83,1.92 BLOQ,0.05 BLOQ,0.38 BLOQ
65_11_stomach,105.7,2020,11,65,stomach,0,561,166,59°52'W,49°42'S,3,236.1,257.62,3,3202.86,5.35,478.08,113.07,89.11,0.35 BLOQ,8.86,2.67 BLOQ,0.05 BLOQ,0.04
65_12_stomach,110.9,2020,12,65,stomach,0,561,166,59°52'W,49°42'S,3,235.0,272.61,3,4669.97,6.52,1299.77,111.88,108.08,0.15 BLOQ,4.64,0.71 BLOQ,0.02 BLOQ,0.49 BLOQ
65_13_stomach,100.6,2020,13,65,stomach,0,561,166,59°52'W,49°42'S,3,241.4,320.13,4,5768.68,1.81,1735.91,107.37,87.82,0.15 BLOQ,11.72,2.89 BLOQ,0.02 BLOQ,0.43 BLOQ
65_14_stomach,115.6,2020,14,65,stomach,1,561,166,59°52'W,49°42'S,3,237.4,316.70,5,1206.27,8.08,195.47,113.1,93.59,0.15 BLOQ,5.16,2.3 BLOQ,0.04 BLOQ,0.02
65_15_stomach,106.3,2020,15,65,stomach,1,561,166,59°52'W,49°42'S,3,231.8,302.90,5,1695.69,5.76,1609.24,162.78,83.23,0.32 BLOQ,14.66,1.1 BLOQ,0.05 BLOQ,0.42 BLOQ
47_01_muscle,102.1,2021,01,47,muscle,1,544,181,49°33'S,59°59'W,6,288.00,646.2,5,9.81,0.06 BLOD,0.57,50.35,59.77,0.08 BLOQ,4.81,0.06 BLOQ,0.01 BLOQ,0.15
47_02_muscle,105,2021,02,47,muscle,1,544,181,49°33'S,59°59'W,6,254.00,444.5,5,13.56,0.06 BLOD,0.64,93.87,47.75,0.07 BLOQ,5.97,0.08 BLOQ,0.01 BLOQ,0.16
47_03_muscle,100.4,2021,03,47,muscle,1,544,181,49°33'S,59°59'W,6,246.00,453.3,5,4.42,0.06 BLOD,0.66,16.18,56.94,0.18 BLOQ,6.18,0.09 BLOQ,0.02 BLOQ,0.29
47_04_muscle,102.7,2021,04,47,muscle,0,544,181,49°33'S,59°59'W,6,310.00,875.8,3,15.74,0.06 BLOD,0.83,67.04,40.08,0.08 BLOQ,8.77,0.04 BLOQ,0.02 BLOQ,0.07
47_05_muscle,105.8,2021,05,47,muscle,1,544,181,49°33'S,59°59'W,6,267.00,572.8,5,4.6,0.06 BLOD,0.78,28.69,41.04,0.16 BLOQ,9.79,0.04 BLOQ,0.01 BLOQ,0.42
47_06_muscle,109.3,2021,06,47,muscle,0,544,181,49°33'S,59°59'W,6,269.00,478.6,3,13.05,0.05 BLOD,1.35,90.36,68.51,0.05 BLOQ,4.79,0.07 BLOQ,0.02 BLOQ,0.14
47_07_muscle,104.3,2021,07,47,muscle,1,544,181,49°33'S,59°59'W,6,250.00,439.4,5,14.79,0.06 BLOD,1.61,45.44,65.68,0.1 BLOQ,1.79,0.05 BLOQ,0.01 BLOQ,0.12
47_08_muscle,106.7,2021,08,47,muscle,0,544,181,49°33'S,59°59'W,6,273.00,574.7,4,13.59,0.06 BLOD,0.99,9.89,64.3,0.07 BLOQ,5.1,0.08 BLOQ,0.02 BLOQ,0.35
47_09_muscle,109.7,2021,09,47,muscle,0,544,181,49°33'S,59°59'W,6,273.00,671.6,4,14.27,0.05 BLOD,1.33,46.06,54.47,0.11 BLOQ,8.11,0.08 BLOQ,0.01 BLOQ,0.47
47_10_muscle,104.7,2021,10,47,muscle,0,544,181,49°33'S,59°59'W,6,276.00,512.9,3,15.06,0.06 BLOD,1.34,29.88,75.46,0.15 BLOQ,10.04,0.08 BLOQ,0.01 BLOQ,0.41
47_11_muscle,102.3,2021,11,47,muscle,0,544,181,49°33'S,59°59'W,6,310.00,754.1,4,2.67,0.06 BLOD,1.52,40.57,65.56,0.08 BLOQ,4.74,0.07 BLOQ,0.01 BLOQ,0.43
47_12_muscle,100.9,2021,12,47,muscle,1,544,181,49°33'S,59°59'W,6,241.00,404.0,4,20.1,0.06 BLOD,1.4,87.17,60.05,0.1 BLOQ,9.56,0.08 BLOQ,0 BLOD,0.34
47_13_muscle,108.5,2021,13,47,muscle,0,544,181,49°33'S,59°59'W,6,257.00,462.9,3,1.38,0.06 BLOD,1,54.17,62.01,0.13 BLOQ,2.76,0.05 BLOQ,0 BLOD,0.33
47_14_muscle,105,2021,14,47,muscle,1,544,181,49°33'S,59°59'W,6,257.00,445.3,4,13.6,0.06 BLOD,1.36,82.89,37.48,0.1 BLOQ,5.38,0.08 BLOQ,0.01 BLOQ,0.21
47_15_muscle,109.3,2021,15,47,muscle,1,544,181,49°33'S,59°59'W,6,274.90,376.8,3,13.1,0.05 BLOD,1.11,91.61,73.08,0.18 BLOQ,7.84,0.05 BLOQ,0.01 BLOQ,0.32
49_01_muscle,104.8,2021,01,49,muscle,1,376,460,46°55'S,60°51'W,5,242.30,378.4,3,9.29,0.06 BLOD,0.66,87.13,66.03,0.16 BLOQ,4.89,0.08 BLOQ,0.02 BLOQ,0.06
49_02_muscle,105.3,2021,02,49,muscle,0,376,460,46°55'S,60°51'W,5,261.54,463.9,3,6.34,0.06 BLOD,1.48,53.79,52.47,0.06 BLOQ,2.76,0.07 BLOQ,0.02 BLOQ,0.26
49_03_muscle,105.9,2021,03,49,muscle,0,376,460,46°55'S,60°51'W,5,308.12,807.5,3,15.52,0.06 BLOD,1.37,66.42,64.93,0.07 BLOQ,1.69,0.08 BLOQ,0.01 BLOQ,0.26
49_04_muscle,104.3,2021,04,49,muscle,1,376,460,46°55'S,60°51'W,5,289.00,529.7,5,9.94,0.06 BLOD,1.01,66.8,36.36,0.11 BLOQ,4.42,0.03 BLOQ,0.02 BLOQ,0.36
49_05_muscle,104.7,2021,05,49,muscle,0,376,460,46°55'S,60°51'W,5,260.00,468.0,3,13.68,0.06 BLOD,1.64,66.22,47.67,0.08 BLOQ,7.3,0.04 BLOQ,0.01 BLOQ,0.49
49_06_muscle,102.3,2021,06,49,muscle,1,376,460,46°55'S,60°51'W,5,218.00,229.1,5,11.19,0.06 BLOD,0.47,26.44,46.65,0.17 BLOQ,9.59,0.07 BLOQ,0 BLOD,0.2
49_07_muscle,104.5,2021,07,49,muscle,1,376,460,46°55'S,60°51'W,5,183.00,108.6,1,14.99,0.06 BLOD,1.91,22.58,67.22,0.09 BLOQ,1.87,0.08 BLOQ,0.01 BLOQ,0.27
49_08_muscle,104.7,2021,08,49,muscle,0,376,460,46°55'S,60°51'W,5,206.00,158.3,2,18.87,0.06 BLOD,0.82,92.82,42.23,0.15 BLOQ,6.1,0.03 BLOD,0.02 BLOQ,0.24
49_09_muscle,105.5,2021,09,49,muscle,0,376,460,46°55'S,60°51'W,5,219.00,186.2,2,16.59,0.06 BLOD,0.53,60.65,41.03,0.16 BLOQ,7.28,0.06 BLOQ,0.02 BLOQ,0.47
49_10_muscle,108.9,2021,10,49,muscle,1,376,460,46°55'S,60°51'W,5,197.00,140.3,2,8.86,0.06 BLOD,1.6,22.95,55.61,0.07 BLOQ,1.95,0.06 BLOQ,0.02 BLOQ,0.23
49_11_muscle,107.8,2021,11,49,muscle,0,376,460,46°55'S,60°51'W,5,186.00,107.6,1,16.4,0.06 BLOD,1.44,72.44,57.95,0.08 BLOQ,4.06,0.03 BLOD,0.02 BLOQ,0.21
49_12_muscle,106.7,2021,12,49,muscle,0,376,460,46°55'S,60°51'W,5,192.00,151.7,1,10.54,0.06 BLOD,0.45,93.01,60.49,0.11 BLOQ,4.33,0.05 BLOQ,0.01 BLOQ,0.14
49_13_muscle,102.5,2021,13,49,muscle,1,376,460,46°55'S,60°51'W,5,197.00,170.3,3,10.29,0.06 BLOD,0.66,17.2,41.35,0.09 BLOQ,8.09,0.07 BLOQ,0.01 BLOQ,0.28
49_14_muscle,107.8,2021,14,49,muscle,1,376,460,46°55'S,60°51'W,5,181.00,119.6,2,14.51,0.06 BLOD,1.27,32.49,68.98,0.04 BLOQ,7.67,0.04 BLOQ,0.01 BLOQ,0.41
49_15_muscle,104.1,2021,15,49,muscle,1,376,460,46°55'S,60°51'W,5,194.00,148.5,3,18.51,0.06 BLOD,0.98,28.81,39.45,0.17 BLOQ,5.24,0.05 BLOQ,0.02 BLOQ,0.33
47_01_liver,100.8,2021,01,47,liver,1,544,181,49°33'S,59°59'W,6,288.00,646.2,5,61.78,0.47,3.35,247.41,90.66,2.77 BLOQ,282.33,2.8 BLOQ,0.05,0.36
47_02_liver,103.2,2021,02,47,liver,1,544,181,49°33'S,59°59'W,6,254.00,444.5,5,85.45,0.55,2.94,357.69,156.27,2.51 BLOQ,302.55,3.38 BLOQ,0,0.36
47_03_liver,101.4,2021,03,47,liver,1,544,181,49°33'S,59°59'W,6,246.00,453.3,5,124.19,1.02,2.93,139.73,97.99,2.2 BLOQ,205.79,2 BLOQ,0.09 BLOQ,0.36
47_04_liver,106.4,2021,04,47,liver,0,544,181,49°33'S,59°59'W,6,310.00,875.8,3,96.8,0.89,3.55,211.46,113.01,1.96 BLOQ,290.14,2.98 BLOQ,0.13 BLOQ,0.28
47_05_liver,101.1,2021,05,47,liver,1,544,181,49°33'S,59°59'W,6,267.00,572.8,5,81.73,1.02,3.86,319.74,106.62,1.7 BLOQ,256.01,3.57 BLOQ,0.07,0.45
47_06_liver,100.4,2021,06,47,liver,0,544,181,49°33'S,59°59'W,6,269.00,478.6,3,82.87,0.78,4.28,172.41,186.93,2.45 BLOQ,229.4,3.5 BLOQ,0,0.48
47_07_liver,102.8,2021,07,47,liver,1,544,181,49°33'S,59°59'W,6,250.00,439.4,5,97.11,0.33,2.58,269.93,204.84,1.72 BLOQ,234.75,1.74 BLOQ,0.04 BLOQ,0.32
47_08_liver,102.8,2021,08,47,liver,0,544,181,49°33'S,59°59'W,6,273.00,574.7,4,74.33,0.66,2.5,272.33,152.14,2.47 BLOQ,309.02,2.42 BLOQ,0.06,0.45
47_09_liver,103.9,2021,09,47,liver,0,544,181,49°33'S,59°59'W,6,273.00,671.6,4,69.46,0.99,3.31,236.19,187.47,1.65 BLOQ,209.87,0.9 BLOQ,0.09 BLOQ,0.29
47_10_liver,100.5,2021,10,47,liver,0,544,181,49°33'S,59°59'W,6,276.00,512.9,3,102.7,0.79,3.47,288.94,167.06,2.03 BLOQ,235.61,1.37 BLOQ,0.06,0.42
47_11_liver,103.4,2021,11,47,liver,0,544,181,49°33'S,59°59'W,6,310.00,754.1,4,116.21,0.48,3.55,282.11,160.55,2.44 BLOQ,239.93,1.22 BLOQ,0.04,0.4
47_12_liver,104.4,2021,12,47,liver,1,544,181,49°33'S,59°59'W,6,241.00,404.0,4,87.71,0.83,3.95,361.6,153.24,1.8 BLOQ,213.08,0.71 BLOQ,0.11 BLOQ,0.43
47_13_liver,105.2,2021,13,47,liver,0,544,181,49°33'S,59°59'W,6,257.00,462.9,3,114.63,0.7,3.44,166.92,195.87,2.33 BLOQ,212.81,2.55 BLOQ,0.01,0.45
47_14_liver,107.3,2021,14,47,liver,1,544,181,49°33'S,59°59'W,6,257.00,445.3,4,76.5,0.5,3.29,339.76,205,2.41 BLOQ,290.51,0.37 BLOQ,0.07 BLOQ,0.37
47_15_liver,107.4,2021,15,47,liver,1,544,181,49°33'S,59°59'W,6,274.90,376.8,3,87.39,0.41,3.3,351.37,99.26,0.06,189.17,2.44 BLOQ,0.14 BLOQ,0.31
49_01_liver,105,2021,01,49,liver,1,376,460,46°55'S,60°51'W,5,242.30,378.4,3,73.2,0.99,2.9,237.94,195.66,2 BLOQ,289.89,3.17 BLOQ,0.09 BLOQ,0.24
49_02_liver,109,2021,02,49,liver,0,376,460,46°55'S,60°51'W,5,261.54,463.9,3,114.76,0.78,2.19,217.42,174.39,2.47 BLOQ,238.99,0.22 BLOQ,0.08 BLOQ,0.24
49_03_liver,107.7,2021,03,49,liver,0,376,460,46°55'S,60°51'W,5,308.12,807.5,3,95.1,0.85,3.61,179,110.18,2 BLOQ,263.27,2 BLOQ,0.13 BLOQ,0.43
49_04_liver,105.9,2021,04,49,liver,1,376,460,46°55'S,60°51'W,5,289.00,529.7,5,102,0.55,3.47,298.05,140.43,1.76 BLOQ,254.72,3.34 BLOQ,0.11 BLOQ,0.34
49_05_liver,109.4,2021,05,49,liver,0,376,460,46°55'S,60°51'W,5,260.00,468.0,3,73.13,0.58,2.68,178.47,97.63,1.88 BLOQ,198.36,0.81 BLOQ,0.1 BLOQ,0.21
49_06_liver,102.1,2021,06,49,liver,1,376,460,46°55'S,60°51'W,5,218.00,229.1,5,96.71,0.74,3.36,314.26,183.81,2.54 BLOQ,224.58,3.41 BLOQ,0,0.45
49_07_liver,104.1,2021,07,49,liver,1,376,460,46°55'S,60°51'W,5,183.00,108.6,1,87.69,0.67,2.68,145.67,196.17,0.14,277.8,2.38 BLOQ,0.09 BLOQ,0.44
49_08_liver,103.5,2021,08,49,liver,0,376,460,46°55'S,60°51'W,5,206.00,158.3,2,56.63,0.31,2.84,389.23,116.27,1.66 BLOQ,276.37,0.69 BLOQ,0.1 BLOQ,0.3
49_09_liver,102.5,2021,09,49,liver,0,376,460,46°55'S,60°51'W,5,219.00,186.2,2,111.33,0.85,4.16,334.25,210.33,2.29 BLOQ,206.62,2.03 BLOQ,0.04,0.26
49_10_liver,103.9,2021,10,49,liver,1,376,460,46°55'S,60°51'W,5,197.00,140.3,2,65.87,0.84,3.45,315.21,184.17,1.82 BLOQ,266.52,2.21 BLOQ,0.11 BLOQ,0.34
49_11_liver,105.6,2021,11,49,liver,0,376,460,46°55'S,60°51'W,5,186.00,107.6,1,81.7,0.66,3.9,198.9,113.48,1.63 BLOQ,237.18,0.3 BLOQ,0.03 BLOQ,0.42
49_12_liver,107.2,2021,12,49,liver,0,376,460,46°55'S,60°51'W,5,192.00,151.7,1,67.66,0.56,3.01,272.3,130.87,0.17,263.19,1.96 BLOQ,0.07,0.38
49_13_liver,102.8,2021,13,49,liver,1,376,460,46°55'S,60°51'W,5,197.00,170.3,3,70.05,0.54,2.43,241.74,87.78,1.84 BLOQ,217.41,2.08 BLOQ,0.04 BLOQ,0.38
49_14_liver,102,2021,14,49,liver,1,376,460,46°55'S,60°51'W,5,181.00,119.6,2,70.5,0.52,4.04,248.38,214,2.49 BLOQ,229.57,2.06 BLOQ,0.08,0.23
49_15_liver,104.2,2021,15,49,liver,1,376,460,46°55'S,60°51'W,5,194.00,148.5,3,92.21,0.52,2.38,272.5,189.37,2.19 BLOQ,197.02,1.64 BLOQ,0.11 BLOQ,0.41
47_01_inksac,102.4,2021,01,47,inksac,1,544,181,49°33'S,59°59'W,6,288.00,646.2,5,75.32,0.06 BLOD,4.36,134.55,102.29,0.21 BLOQ,55.65,0.29 BLOQ,0 BLOD,0.47 BLOQ
47_02_inksac,101.2,2021,02,47,inksac,1,544,181,49°33'S,59°59'W,6,254.00,444.5,5,64.63,0.06 BLOD,10.35,135.42,32.31,0.27 BLOQ,24.98,0.17 BLOQ,0 BLOD,0.18
47_03_inksac,100.3,2021,03,47,inksac,1,544,181,49°33'S,59°59'W,6,246.00,453.3,5,20.63,0.06 BLOD,9.42,168.28,112.02,0.18 BLOQ,46.99,0.15 BLOQ,0 BLOD,0.59
47_04_inksac,106.3,2021,04,47,inksac,0,544,181,49°33'S,59°59'W,6,310.00,875.8,3,86.32,0.06 BLOD,0.69,164.74,98.44,0.25 BLOQ,51.09,0.14 BLOQ,0 BLOD,0.4
47_05_inksac,102.9,2021,05,47,inksac,1,544,181,49°33'S,59°59'W,6,267.00,572.8,5,102.85,0.06 BLOD,8.96,168.4,83.68,0.29 BLOQ,27.33,0.15 BLOQ,0 BLOD,0.37
47_06_inksac,102.3,2021,06,47,inksac,0,544,181,49°33'S,59°59'W,6,269.00,478.6,3,57.68,0.06 BLOD,1.43,88.04,32.33,0.28 BLOQ,42.2,0.17 BLOQ,0 BLOD,0.38
47_07_inksac,105.6,2021,07,47,inksac,1,544,181,49°33'S,59°59'W,6,250.00,439.4,5,85.89,0.06 BLOD,0.98,99.02,77.58,0.13 BLOQ,45.63,0.13 BLOQ,0 BLOD,0.44
47_08_inksac,104.6,2021,08,47,inksac,0,544,181,49°33'S,59°59'W,6,273.00,574.7,4,17.02,0.06 BLOD,6.84,71.65,95.76,0.33 BLOQ,54.25,0.22 BLOQ,0 BLOD,0.59 BLOQ
47_09_inksac,108.2,2021,09,47,inksac,0,544,181,49°33'S,59°59'W,6,273.00,671.6,4,7.46,0.06 BLOD,7.02,167.82,97.96,0.34 BLOQ,45.98,0.11 BLOQ,0 BLOD,0.41 BLOQ
47_10_inksac,108.8,2021,10,47,inksac,0,544,181,49°33'S,59°59'W,6,276.00,512.9,3,46.13,0.06 BLOD,1.08,119.39,95.2,0.35 BLOQ,26.51,0.17 BLOQ,0 BLOD,0.13
47_11_inksac,113.2,2021,11,47,inksac,0,544,181,49°33'S,59°59'W,6,310.00,754.1,4,87.12,0.05 BLOD,5.74,180.53,89.43,0.15 BLOQ,27.96,0.19 BLOQ,0 BLOD,0.54 BLOQ
47_12_inksac,108.8,2021,12,47,inksac,1,544,181,49°33'S,59°59'W,6,241.00,404.0,4,62.13,0.06 BLOD,3.64,187.99,80.66,0.17 BLOQ,51.21,0.22 BLOQ,0 BLOD,0.02
47_13_inksac,105.9,2021,13,47,inksac,0,544,181,49°33'S,59°59'W,6,257.00,462.9,3,76.92,0.06 BLOD,1.76,79.35,42.25,0.28 BLOQ,53.3,0.24 BLOQ,0 BLOD,0.27
47_14_inksac,101.6,2021,14,47,inksac,1,544,181,49°33'S,59°59'W,6,257.00,445.3,4,107.81,0.06 BLOD,6.3,96.3,104.11,0.16 BLOQ,34,0.12 BLOQ,0 BLOD,0.1
47_15_inksac,104.8,2021,15,47,inksac,1,544,181,49°33'S,59°59'W,6,274.90,376.8,3,97.18,0.06 BLOD,10,165.87,71.76,0.24 BLOQ,52.8,0.18 BLOQ,0 BLOD,0.05
49_02_inksac,107.6,2021,02,49,inksac,0,376,460,46°55'S,60°51'W,5,261.54,463.9,3,43.58,0.06 BLOD,2.86,152.34,62.52,0.3 BLOQ,34.68,0.21 BLOQ,0 BLOD,0.42
49_03_inksac,108.9,2021,03,49,inksac,0,376,460,46°55'S,60°51'W,5,308.12,807.5,3,9.76,0.06 BLOD,0.81,163.2,57.75,0.18 BLOQ,26.02,0.22 BLOQ,0 BLOD,0.63
49_04_inksac,113.2,2021,04,49,inksac,1,376,460,46°55'S,60°51'W,5,289.00,529.7,5,78.13,0.05 BLOD,2.95,95.32,28.59,0.34 BLOQ,28.86,0.18 BLOQ,0 BLOD,0.61
49_05_inksac,109.4,2021,05,49,inksac,0,376,460,46°55'S,60°51'W,5,260.00,468.0,3,71.61,0.05 BLOD,1.91,191.39,93.05,0.21 BLOQ,50.72,0.27 BLOQ,0 BLOD,0.48 BLOQ
49_06_inksac,100.8,2021,06,49,inksac,1,376,460,46°55'S,60°51'W,5,218.00,229.1,5,69.71,0.06 BLOD,8.74,114.92,88.5,0.21 BLOQ,38.97,0.26 BLOQ,0.01 BLOQ,0.25
49_07_inksac,109.8,2021,07,49,inksac,1,376,460,46°55'S,60°51'W,5,183.00,108.6,1,60.96,0.05 BLOD,1.91,156.33,42.18,0.35 BLOQ,20.67,0.24 BLOQ,0 BLOD,0.2
49_08_inksac,105.2,2021,08,49,inksac,0,376,460,46°55'S,60°51'W,5,206.00,158.3,2,64.31,0.06 BLOD,4.87,86.63,75.09,0.22 BLOQ,33.3,0.14 BLOQ,0 BLOD,0.58
49_09_inksac,101,2021,09,49,inksac,0,376,460,46°55'S,60°51'W,5,219.00,186.2,2,45.58,0.06 BLOD,7.17,100.3,104.1,0.29 BLOQ,31.75,0.24 BLOQ,0 BLOD,0.37 BLOQ
49_10_inksac,104.8,2021,10,49,inksac,1,376,460,46°55'S,60°51'W,5,197.00,140.3,2,16,0.06 BLOD,11.25,129.16,98.51,0.15 BLOQ,27.72,0.26 BLOQ,0 BLOD,0.38 BLOQ
49_11_inksac,95.1,2021,11,49,inksac,0,376,460,46°55'S,60°51'W,5,186.00,107.6,1,74.86,0.06 BLOD,8.13,96.8,35.83,0.38 BLOQ,55.13,0.19 BLOQ,0.01 BLOD,0.03
49_12_inksac,101.5,2021,12,49,inksac,0,376,460,46°55'S,60°51'W,5,192.00,151.7,1,27.01,0.06 BLOD,4.19,205.64,37.72,0.16 BLOQ,55.28,0.21 BLOQ,0 BLOD,0.36
49_13_inksac,115.2,2021,13,49,inksac,1,376,460,46°55'S,60°51'W,5,197.00,170.3,3,29.74,0.05 BLOD,3.99,170.37,62.87,0.26 BLOQ,51.08,0.23 BLOQ,0 BLOD,0.07
49_14_inksac,115.9,2021,14,49,inksac,1,376,460,46°55'S,60°51'W,5,181.00,119.6,2,6.95,0.05 BLOD,2.87,58.47,70.66,0.23 BLOQ,47.35,0.11 BLOQ,0 BLOD,0.6
49_15_inksac,100.8,2021,15,49,inksac,1,376,460,46°55'S,60°51'W,5,194.00,148.5,3,64.92,0.06 BLOD,7.05,164.51,55.2,0.26 BLOQ,32.17,0.23 BLOQ,0 BLOD,0.58
47_01_stomach,109.7,2021,01,47,stomach,1,544,181,49°33'S,59°59'W,6,288.00,646.2,5,6945.21,9.07,556.86,55.11,96.51,0.15 BLOQ,5.98,0.96 BLOQ,0.04 BLOQ,0.55 BLOQ
47_02_stomach,104.8,2021,02,47,stomach,1,544,181,49°33'S,59°59'W,6,254.00,444.5,5,1683.29,7.33,2019.88,137.69,83.11,0.27 BLOQ,6.45,1.86 BLOQ,0.03 BLOQ,0.6 BLOQ
47_03_stomach,106.1,2021,03,47,stomach,1,544,181,49°33'S,59°59'W,6,246.00,453.3,5,7267.24,5.26,1835.82,139.31,122.04,0.4 BLOQ,8.4,0.95 BLOQ,0.05 BLOQ,0.48 BLOQ
47_04_stomach,109.7,2021,04,47,stomach,0,544,181,49°33'S,59°59'W,6,310.00,875.8,3,184.3,3.3,2137.47,33.88,87.15,0.24 BLOQ,13.51,3.09 BLOQ,0.04 BLOQ,0
47_05_stomach,109.1,2021,05,47,stomach,1,544,181,49°33'S,59°59'W,6,267.00,572.8,5,4168.79,8.06,335.24,45.72,100.37,0.28 BLOQ,12.42,1.41 BLOQ,0.05 BLOQ,0.34 BLOQ
47_06_stomach,108.6,2021,06,47,stomach,0,544,181,49°33'S,59°59'W,6,269.00,478.6,3,2585.79,0.96,1001,154.47,97.33,0.39 BLOQ,4.7,3.16 BLOQ,0.05 BLOQ,0.35 BLOQ
47_07_stomach,107,2021,07,47,stomach,1,544,181,49°33'S,59°59'W,6,250.00,439.4,5,3034.13,5.1,1499.36,55.82,129.58,0.35 BLOQ,8.75,3.1 BLOQ,0.05 BLOQ,0.41 BLOQ
47_08_stomach,109.3,2021,08,47,stomach,0,544,181,49°33'S,59°59'W,6,273.00,574.7,4,4447.8,6.24,1307.23,119.92,96.5,0.36 BLOQ,9.77,2.69 BLOQ,0.02 BLOQ,0.36 BLOQ
47_09_stomach,107,2021,09,47,stomach,0,544,181,49°33'S,59°59'W,6,273.00,671.6,4,3137.58,6.03,392.27,168.43,115.15,0.32 BLOQ,7.89,1.51 BLOQ,0.05 BLOQ,0.56 BLOQ
47_10_stomach,105.8,2021,10,47,stomach,0,544,181,49°33'S,59°59'W,6,276.00,512.9,3,5196.54,6.2,928.09,68.39,80.18,0.35 BLOQ,14.64,2.62 BLOQ,0.04 BLOQ,0.45 BLOQ
47_11_stomach,100.2,2021,11,47,stomach,0,544,181,49°33'S,59°59'W,6,310.00,754.1,4,793.78,0.06 BLOD,746.16,113.29,79.83,0.24 BLOQ,12.14,2.74 BLOQ,0.05 BLOQ,0.02
47_12_stomach,107.6,2021,12,47,stomach,1,544,181,49°33'S,59°59'W,6,241.00,404.0,4,3229.31,5.46,738.71,77.69,88.88,0.15 BLOQ,2.11,1.66 BLOQ,0.01 BLOQ,0.59 BLOQ
47_13_stomach,107.2,2021,13,47,stomach,0,544,181,49°33'S,59°59'W,6,257.00,462.9,3,8296.4,0.07,1482.44,139.31,102.83,0.24 BLOQ,16.68,2.4 BLOQ,0.05 BLOQ,0.3 BLOQ
47_14_stomach,104.4,2021,14,47,stomach,1,544,181,49°33'S,59°59'W,6,257.00,445.3,4,7799.52,2.58,1722.33,117.02,86.33,0.28 BLOQ,12.2,2.74 BLOQ,0.05 BLOQ,0.59 BLOQ
47_15_stomach,100,2021,15,47,stomach,1,544,181,49°33'S,59°59'W,6,274.90,376.8,3,3661.84,2.7,732.72,88.26,145.34,0.21 BLOQ,17.64,1.35 BLOQ,0.05 BLOQ,0.61 BLOQ
49_01_stomach,107.3,2021,01,49,stomach,1,376,460,46°55'S,60°51'W,5,242.30,378.4,3,7051.11,5.5,652.71,121.5,113.89,0.36 BLOQ,14.78,3.16 BLOQ,0 BLOD,0.55 BLOQ
49_02_stomach,107.9,2021,02,49,stomach,0,376,460,46°55'S,60°51'W,5,261.54,463.9,3,7171.66,3.11,801.03,151.8,86.51,0.25 BLOQ,13.06,3.41 BLOQ,0.04 BLOQ,0.5 BLOQ
49_03_stomach,100.6,2021,03,49,stomach,0,376,460,46°55'S,60°51'W,5,308.12,807.5,3,2819,10.21,1383.66,116.22,126.71,0.14 BLOQ,9.6,0.42 BLOQ,0.02 BLOQ,0.37 BLOQ
49_04_stomach,107,2021,04,49,stomach,1,376,460,46°55'S,60°51'W,5,289.00,529.7,5,391.67,4.87,935.68,162.7,126.78,0.15 BLOQ,2.84,3.6 BLOQ,0.01 BLOQ,0.6 BLOQ
49_05_stomach,107.2,2021,05,49,stomach,0,376,460,46°55'S,60°51'W,5,260.00,468.0,3,4228.47,8.62,2062.38,85.37,126.57,0.42 BLOQ,12.06,1.87 BLOQ,0.03 BLOQ,0.47 BLOQ
49_06_stomach,106.1,2021,06,49,stomach,1,376,460,46°55'S,60°51'W,5,218.00,229.1,5,5996.68,0.08,1516.48,143.06,78.43,0.17 BLOQ,1.78,3.54 BLOQ,0 BLOD,0.08
49_07_stomach,35.7,2021,07,49,stomach,1,376,460,46°55'S,60°51'W,5,183.00,108.6,1,3709.4,13.52,3325.41,488.52,299.65,0.76 BLOQ,35.66,10.22 BLOQ,0.03 BLOQ,0.88 BLOQ
49_08_stomach,104.8,2021,08,49,stomach,0,376,460,46°55'S,60°51'W,5,206.00,158.3,2,2573.67,7.52,664.39,118.3,92.82,0.15 BLOQ,3.71,1.47 BLOQ,0.03 BLOQ,0.33 BLOQ
49_09_stomach,108.2,2021,09,49,stomach,0,376,460,46°55'S,60°51'W,5,219.00,186.2,2,3000.45,6.24,1126.55,76.62,111.83,0.18 BLOQ,1.54,1.56 BLOQ,0.02 BLOQ,0
49_10_stomach,107.8,2021,10,49,stomach,1,376,460,46°55'S,60°51'W,5,197.00,140.3,2,1296.54,9.17,347.65,77.99,109.01,0.25 BLOQ,15.36,2.07 BLOQ,0.05 BLOQ,0.57 BLOQ
49_11_stomach,103.8,2021,11,49,stomach,0,376,460,46°55'S,60°51'W,5,186.00,107.6,1,8378.81,7.97,1317.25,120.69,81.71,0.28 BLOQ,2.2,2.68 BLOQ,0.01 BLOQ,0.33 BLOQ
49_12_stomach,108.9,2021,12,49,stomach,0,376,460,46°55'S,60°51'W,5,192.00,151.7,1,7074.96,5.72,106.63,108.27,90.9,0.45 BLOQ,16.69,2.35 BLOQ,0.03 BLOQ,0.08
49_13_stomach,107,2021,13,49,stomach,1,376,460,46°55'S,60°51'W,5,197.00,170.3,3,2953.64,6.96,946.25,136.73,104.41,0.17 BLOQ,9.27,1.21 BLOQ,0.03 BLOQ,0.46 BLOQ
49_14_stomach,103.9,2021,14,49,stomach,1,376,460,46°55'S,60°51'W,5,181.00,119.6,2,6235.04,6.74,1941.69,80.79,101.26,0.16 BLOQ,15.32,2.83 BLOQ,0.02 BLOQ,0.4 BLOQ
49_15_stomach,106.3,2021,15,49,stomach,1,376,460,46°55'S,60°51'W,5,194.00,148.5,3,5934.23,5,45.68,83.99,87.46,0.21 BLOQ,2.9,1.53 BLOQ,0.03 BLOQ,0.39 BLOQ
